<!DOCTYPE suite SYSTEM "http://testng.org/testng-1.0.dtd" >
<suite name="search-module">
    <test name="search-test-java">
        <parameter name="keyword" value="java" />
        <classes>
            <class name="com.searchmodule.tests.SearchTest" />
        </classes>
    </test>
    <test name="search-test-qa">
        <parameter name="keyword" value="qa" />
        <classes>
            <class name="com.searchmodule.tests.SearchTest" />
        </classes>
    </test>
</suite>