<?xml version="1.0" encoding="UTF-8"?>
<!DOCTYPE suite SYSTEM "http://testng.org/testng-1.0.dtd">
<suite guice-stage="DEVELOPMENT" name="Failed suite [search-module]" parallel="tests">
  <test thread-count="5" name="search-test-java(failed)" parallel="tests">
    <parameter name="keyword" value="java"/>
    <classes>
      <class name="com.searchmodule.tests.SearchTest">
        <methods>
          <include name="search"/>
          <include name="quitBrowser"/>
          <include name="setupDriver"/>
        </methods>
      </class> <!-- com.searchmodule.tests.SearchTest -->
    </classes>
  </test> <!-- search-test-java(failed) -->
  <test thread-count="5" name="search-test-qa(failed)" parallel="tests">
    <parameter name="keyword" value="qa"/>
    <classes>
      <class name="com.searchmodule.tests.SearchTest">
        <methods>
          <include name="search"/>
          <include name="quitBrowser"/>
          <include name="setupDriver"/>
        </methods>
      </class> <!-- com.searchmodule.tests.SearchTest -->
    </classes>
  </test> <!-- search-test-qa(failed) -->
</suite> <!-- Failed suite [search-module] -->
